"","package","afmfile","fontfile","FullName","FamilyName","FontName","Bold","Italic","Symbol","afmsymfile"
"1",NA,"AGENCYB.afm.gz","C:\Windows\Fonts\AGENCYB.TTF","Agency FB Bold","Agency FB","AgencyFB-Bold",TRUE,FALSE,FALSE,NA
"2",NA,"AGENCYR.afm.gz","C:\Windows\Fonts\AGENCYR.TTF","Agency FB","Agency FB","AgencyFB-Reg",FALSE,FALSE,FALSE,NA
"3",NA,"ALGER.afm.gz","C:\Windows\Fonts\ALGER.TTF","Algerian","Algerian","Algerian",FALSE,FALSE,FALSE,NA
"4",NA,"ariblk.afm.gz","C:\Windows\Fonts\ariblk.ttf","Arial Black","Arial Black","Arial-Black",FALSE,FALSE,FALSE,NA
"5",NA,"arialbi.afm.gz","C:\Windows\Fonts\arialbi.ttf","Arial Bold Italic","Arial","Arial-BoldItalicMT",TRUE,TRUE,FALSE,NA
"6",NA,"arialbd.afm.gz","C:\Windows\Fonts\arialbd.ttf","Arial Bold","Arial","Arial-BoldMT",TRUE,FALSE,FALSE,NA
"7",NA,"ariali.afm.gz","C:\Windows\Fonts\ariali.ttf","Arial Italic","Arial","Arial-ItalicMT",FALSE,TRUE,FALSE,NA
"8",NA,"arial.afm.gz","C:\Windows\Fonts\arial.ttf","Arial","Arial","ArialMT",FALSE,FALSE,FALSE,NA
"9",NA,"ARIALN.afm.gz","C:\Windows\Fonts\ARIALN.TTF","Arial Narrow","Arial Narrow","ArialNarrow",FALSE,FALSE,FALSE,NA
"10",NA,"ARIALNB.afm.gz","C:\Windows\Fonts\ARIALNB.TTF","Arial Narrow Bold","Arial Narrow","ArialNarrow-Bold",TRUE,FALSE,FALSE,NA
"11",NA,"ARIALNBI.afm.gz","C:\Windows\Fonts\ARIALNBI.TTF","Arial Narrow Bold Italic","Arial Narrow","ArialNarrow-BoldItalic",TRUE,TRUE,FALSE,NA
"12",NA,"ARIALNI.afm.gz","C:\Windows\Fonts\ARIALNI.TTF","Arial Narrow Italic","Arial Narrow","ArialNarrow-Italic",FALSE,TRUE,FALSE,NA
"13",NA,"ARLRDBD.afm.gz","C:\Windows\Fonts\ARLRDBD.TTF","Arial Rounded MT Bold","Arial Rounded MT Bold","ArialRoundedMTBold",FALSE,FALSE,FALSE,NA
"14",NA,"ARIALUNI.afm.gz","C:\Windows\Fonts\ARIALUNI.TTF","Arial Unicode MS","Arial Unicode MS","ArialUnicodeMS",FALSE,FALSE,FALSE,NA
"15",NA,"bahnschrift.afm.gz","C:\Windows\Fonts\bahnschrift.ttf","Bahnschrift","Bahnschrift","Bahnschrift",FALSE,FALSE,FALSE,NA
"16",NA,"BASKVILL.afm.gz","C:\Windows\Fonts\BASKVILL.TTF","Baskerville Old Face","Baskerville Old Face","BaskOldFace",FALSE,FALSE,FALSE,NA
"17",NA,"BAUHS93.afm.gz","C:\Windows\Fonts\BAUHS93.TTF","Bauhaus 93","Bauhaus 93","Bauhaus93",FALSE,FALSE,FALSE,NA
"18",NA,"BELL.afm.gz","C:\Windows\Fonts\BELL.TTF","Bell MT","Bell MT","BellMT",FALSE,FALSE,FALSE,NA
"19",NA,"BELLB.afm.gz","C:\Windows\Fonts\BELLB.TTF","Bell MT Bold","Bell MT","BellMTBold",TRUE,FALSE,FALSE,NA
"20",NA,"BELLI.afm.gz","C:\Windows\Fonts\BELLI.TTF","Bell MT Italic","Bell MT","BellMTItalic",FALSE,TRUE,FALSE,NA
"21",NA,"BRLNSB.afm.gz","C:\Windows\Fonts\BRLNSB.TTF","Berlin Sans FB Bold","Berlin Sans FB","BerlinSansFB-Bold",TRUE,FALSE,FALSE,NA
"22",NA,"BRLNSR.afm.gz","C:\Windows\Fonts\BRLNSR.TTF","Berlin Sans FB","Berlin Sans FB","BerlinSansFB-Reg",FALSE,FALSE,FALSE,NA
"23",NA,"BRLNSDB.afm.gz","C:\Windows\Fonts\BRLNSDB.TTF","Berlin Sans FB Demi Bold","Berlin Sans FB Demi","BerlinSansFBDemi-Bold",TRUE,FALSE,FALSE,NA
"24",NA,"BERNHC.afm.gz","C:\Windows\Fonts\BERNHC.TTF","Bernard MT Condensed","Bernard MT Condensed","BernardMT-Condensed",FALSE,FALSE,FALSE,NA
"25",NA,"ITCBLKAD.afm.gz","C:\Windows\Fonts\ITCBLKAD.TTF","Blackadder ITC","Blackadder ITC","BlackadderITC-Regular",FALSE,FALSE,FALSE,NA
"26",NA,"BOD_R.afm.gz","C:\Windows\Fonts\BOD_R.TTF","Bodoni MT","Bodoni MT","BodoniMT",FALSE,FALSE,FALSE,NA
"27",NA,"BOD_B.afm.gz","C:\Windows\Fonts\BOD_B.TTF","Bodoni MT Bold","Bodoni MT","BodoniMT-Bold",TRUE,FALSE,FALSE,NA
"28",NA,"BOD_BI.afm.gz","C:\Windows\Fonts\BOD_BI.TTF","Bodoni MT Bold Italic","Bodoni MT","BodoniMT-BoldItalic",TRUE,TRUE,FALSE,NA
"29",NA,"BOD_I.afm.gz","C:\Windows\Fonts\BOD_I.TTF","Bodoni MT Italic","Bodoni MT","BodoniMT-Italic",FALSE,TRUE,FALSE,NA
"30",NA,"BOD_BLAR.afm.gz","C:\Windows\Fonts\BOD_BLAR.TTF","Bodoni MT Black","Bodoni MT Black","BodoniMTBlack",FALSE,FALSE,FALSE,NA
"31",NA,"BOD_BLAI.afm.gz","C:\Windows\Fonts\BOD_BLAI.TTF","Bodoni MT Black Italic","Bodoni MT Black","BodoniMTBlack-Italic",FALSE,TRUE,FALSE,NA
"32",NA,"BOD_CR.afm.gz","C:\Windows\Fonts\BOD_CR.TTF","Bodoni MT Condensed","Bodoni MT Condensed","BodoniMTCondensed",FALSE,FALSE,FALSE,NA
"33",NA,"BOD_CB.afm.gz","C:\Windows\Fonts\BOD_CB.TTF","Bodoni MT Condensed Bold","Bodoni MT Condensed","BodoniMTCondensed-Bold",TRUE,FALSE,FALSE,NA
"34",NA,"BOD_CBI.afm.gz","C:\Windows\Fonts\BOD_CBI.TTF","Bodoni MT Condensed Bold Italic","Bodoni MT Condensed","BodoniMTCondensed-BoldItalic",TRUE,TRUE,FALSE,NA
"35",NA,"BOD_CI.afm.gz","C:\Windows\Fonts\BOD_CI.TTF","Bodoni MT Condensed Italic","Bodoni MT Condensed","BodoniMTCondensed-Italic",FALSE,TRUE,FALSE,NA
"36",NA,"BOD_PSTC.afm.gz","C:\Windows\Fonts\BOD_PSTC.TTF","Bodoni MT Poster Compressed","Bodoni MT Poster Compressed","BodoniMTPosterCompressed",FALSE,FALSE,FALSE,NA
"37",NA,"BKANT.afm.gz","C:\Windows\Fonts\BKANT.TTF","Book Antiqua","Book Antiqua","BookAntiqua",FALSE,FALSE,FALSE,NA
"38",NA,"ANTQUAB.afm.gz","C:\Windows\Fonts\ANTQUAB.TTF","Book Antiqua Bold","Book Antiqua","BookAntiqua-Bold",TRUE,FALSE,FALSE,NA
"39",NA,"ANTQUABI.afm.gz","C:\Windows\Fonts\ANTQUABI.TTF","Book Antiqua Bold Italic","Book Antiqua","BookAntiqua-BoldItalic",TRUE,TRUE,FALSE,NA
"40",NA,"ANTQUAI.afm.gz","C:\Windows\Fonts\ANTQUAI.TTF","Book Antiqua Italic","Book Antiqua","BookAntiqua-Italic",FALSE,TRUE,FALSE,NA
"41",NA,"BOOKOS.afm.gz","C:\Windows\Fonts\BOOKOS.TTF","Bookman Old Style","Bookman Old Style","BookmanOldStyle",FALSE,FALSE,FALSE,NA
"42",NA,"BOOKOSB.afm.gz","C:\Windows\Fonts\BOOKOSB.TTF","Bookman Old Style Bold","Bookman Old Style","BookmanOldStyle-Bold",TRUE,FALSE,FALSE,NA
"43",NA,"BOOKOSBI.afm.gz","C:\Windows\Fonts\BOOKOSBI.TTF","Bookman Old Style Bold Italic","Bookman Old Style","BookmanOldStyle-BoldItalic",TRUE,TRUE,FALSE,NA
"44",NA,"BOOKOSI.afm.gz","C:\Windows\Fonts\BOOKOSI.TTF","Bookman Old Style Italic","Bookman Old Style","BookmanOldStyle-Italic",FALSE,TRUE,FALSE,NA
"45",NA,"BSSYM7.afm.gz","C:\Windows\Fonts\BSSYM7.TTF","Bookshelf Symbol 7","Bookshelf Symbol 7","BookshelfSymbolSeven",FALSE,FALSE,TRUE,NA
"46",NA,"BRADHITC.afm.gz","C:\Windows\Fonts\BRADHITC.TTF","Bradley Hand ITC","Bradley Hand ITC","BradleyHandITC",FALSE,FALSE,FALSE,NA
"47",NA,"BRITANIC.afm.gz","C:\Windows\Fonts\BRITANIC.TTF","Britannic Bold","Britannic Bold","BritannicBold",FALSE,FALSE,FALSE,NA
"48",NA,"BROADW.afm.gz","C:\Windows\Fonts\BROADW.TTF","Broadway","Broadway","Broadway",FALSE,FALSE,FALSE,NA
"49",NA,"BRUSHSCI.afm.gz","C:\Windows\Fonts\BRUSHSCI.TTF","Brush Script MT Italic","Brush Script MT","BrushScriptMT",FALSE,TRUE,FALSE,NA
"50",NA,"calibri.afm.gz","C:\Windows\Fonts\calibri.ttf","Calibri","Calibri","Calibri",FALSE,FALSE,FALSE,NA
"51",NA,"calibrib.afm.gz","C:\Windows\Fonts\calibrib.ttf","Calibri Bold","Calibri","Calibri-Bold",TRUE,FALSE,FALSE,NA
"52",NA,"calibriz.afm.gz","C:\Windows\Fonts\calibriz.ttf","Calibri Bold Italic","Calibri","Calibri-BoldItalic",TRUE,TRUE,FALSE,NA
"53",NA,"calibrii.afm.gz","C:\Windows\Fonts\calibrii.ttf","Calibri Italic","Calibri","Calibri-Italic",FALSE,TRUE,FALSE,NA
"54",NA,"calibril.afm.gz","C:\Windows\Fonts\calibril.ttf","Calibri Light","Calibri Light","Calibri-Light",FALSE,FALSE,FALSE,NA
"55",NA,"calibrili.afm.gz","C:\Windows\Fonts\calibrili.ttf","Calibri Light Italic","Calibri Light","Calibri-LightItalic",FALSE,TRUE,FALSE,NA
"56",NA,"CALIFB.afm.gz","C:\Windows\Fonts\CALIFB.TTF","Californian FB Bold","Californian FB","CalifornianFB-Bold",TRUE,FALSE,FALSE,NA
"57",NA,"CALIFI.afm.gz","C:\Windows\Fonts\CALIFI.TTF","Californian FB Italic","Californian FB","CalifornianFB-Italic",FALSE,TRUE,FALSE,NA
"58",NA,"CALIFR.afm.gz","C:\Windows\Fonts\CALIFR.TTF","Californian FB","Californian FB","CalifornianFB-Reg",FALSE,FALSE,FALSE,NA
"59",NA,"CALISTB.afm.gz","C:\Windows\Fonts\CALISTB.TTF","Calisto MT Bold","Calisto MT","CalisMTBol",TRUE,FALSE,FALSE,NA
"60",NA,"CALIST.afm.gz","C:\Windows\Fonts\CALIST.TTF","Calisto MT","Calisto MT","CalistoMT",FALSE,FALSE,FALSE,NA
"61",NA,"CALISTBI.afm.gz","C:\Windows\Fonts\CALISTBI.TTF","Calisto MT Bold Italic","Calisto MT","CalistoMT-BoldItalic",TRUE,TRUE,FALSE,NA
"62",NA,"CALISTI.afm.gz","C:\Windows\Fonts\CALISTI.TTF","Calisto MT Italic","Calisto MT","CalistoMT-Italic",FALSE,TRUE,FALSE,NA
"63",NA,"cambriab.afm.gz","C:\Windows\Fonts\cambriab.ttf","Cambria Bold","Cambria","Cambria-Bold",TRUE,FALSE,FALSE,NA
"64",NA,"cambriaz.afm.gz","C:\Windows\Fonts\cambriaz.ttf","Cambria Bold Italic","Cambria","Cambria-BoldItalic",TRUE,TRUE,FALSE,NA
"65",NA,"cambriai.afm.gz","C:\Windows\Fonts\cambriai.ttf","Cambria Italic","Cambria","Cambria-Italic",FALSE,TRUE,FALSE,NA
"66",NA,"Candara.afm.gz","C:\Windows\Fonts\Candara.ttf","Candara","Candara","Candara",FALSE,FALSE,FALSE,NA
"67",NA,"Candarab.afm.gz","C:\Windows\Fonts\Candarab.ttf","Candara Bold","Candara","Candara-Bold",TRUE,FALSE,FALSE,NA
"68",NA,"Candaraz.afm.gz","C:\Windows\Fonts\Candaraz.ttf","Candara Bold Italic","Candara","Candara-BoldItalic",TRUE,TRUE,FALSE,NA
"69",NA,"Candarai.afm.gz","C:\Windows\Fonts\Candarai.ttf","Candara Italic","Candara","Candara-Italic",FALSE,TRUE,FALSE,NA
"70",NA,"Candaral.afm.gz","C:\Windows\Fonts\Candaral.ttf","Candara Light","Candara Light","Candara-Light",FALSE,FALSE,FALSE,NA
"71",NA,"Candarali.afm.gz","C:\Windows\Fonts\Candarali.ttf","Candara Light Italic","Candara Light","Candara-LightItalic",FALSE,TRUE,FALSE,NA
"72",NA,"CASTELAR.afm.gz","C:\Windows\Fonts\CASTELAR.TTF","Castellar","Castellar","Castellar",FALSE,FALSE,FALSE,NA
"73",NA,"CENTAUR.afm.gz","C:\Windows\Fonts\CENTAUR.TTF","Centaur","Centaur","Centaur",FALSE,FALSE,FALSE,NA
"74",NA,"CENTURY.afm.gz","C:\Windows\Fonts\CENTURY.TTF","Century","Century","Century",FALSE,FALSE,FALSE,NA
"75",NA,"GOTHIC.afm.gz","C:\Windows\Fonts\GOTHIC.TTF","Century Gothic","Century Gothic","CenturyGothic",FALSE,FALSE,FALSE,NA
"76",NA,"GOTHICB.afm.gz","C:\Windows\Fonts\GOTHICB.TTF","Century Gothic Bold","Century Gothic","CenturyGothic-Bold",TRUE,FALSE,FALSE,NA
"77",NA,"GOTHICBI.afm.gz","C:\Windows\Fonts\GOTHICBI.TTF","Century Gothic Bold Italic","Century Gothic","CenturyGothic-BoldItalic",TRUE,TRUE,FALSE,NA
"78",NA,"GOTHICI.afm.gz","C:\Windows\Fonts\GOTHICI.TTF","Century Gothic Italic","Century Gothic","CenturyGothic-Italic",FALSE,TRUE,FALSE,NA
"79",NA,"CENSCBK.afm.gz","C:\Windows\Fonts\CENSCBK.TTF","Century Schoolbook","Century Schoolbook","CenturySchoolbook",FALSE,FALSE,FALSE,NA
"80",NA,"SCHLBKB.afm.gz","C:\Windows\Fonts\SCHLBKB.TTF","Century Schoolbook Bold","Century Schoolbook","CenturySchoolbook-Bold",TRUE,FALSE,FALSE,NA
"81",NA,"SCHLBKBI.afm.gz","C:\Windows\Fonts\SCHLBKBI.TTF","Century Schoolbook Bold Italic","Century Schoolbook","CenturySchoolbook-BoldItalic",TRUE,TRUE,FALSE,NA
"82",NA,"SCHLBKI.afm.gz","C:\Windows\Fonts\SCHLBKI.TTF","Century Schoolbook Italic","Century Schoolbook","CenturySchoolbook-Italic",FALSE,TRUE,FALSE,NA
"83",NA,"CHILLER.afm.gz","C:\Windows\Fonts\CHILLER.TTF","Chiller","Chiller","Chiller-Regular",FALSE,FALSE,FALSE,NA
"84",NA,"COLONNA.afm.gz","C:\Windows\Fonts\COLONNA.TTF","Colonna MT","Colonna MT","ColonnaMT",FALSE,FALSE,FALSE,NA
"85",NA,"comic.afm.gz","C:\Windows\Fonts\comic.ttf","Comic Sans MS","Comic Sans MS","ComicSansMS",FALSE,FALSE,FALSE,NA
"86",NA,"comicbd.afm.gz","C:\Windows\Fonts\comicbd.ttf","Comic Sans MS Bold","Comic Sans MS","ComicSansMS-Bold",TRUE,FALSE,FALSE,NA
"87",NA,"comicz.afm.gz","C:\Windows\Fonts\comicz.ttf","Comic Sans MS Bold Italic","Comic Sans MS","ComicSansMS-BoldItalic",TRUE,TRUE,FALSE,NA
"88",NA,"comici.afm.gz","C:\Windows\Fonts\comici.ttf","Comic Sans MS Italic","Comic Sans MS","ComicSansMS-Italic",FALSE,TRUE,FALSE,NA
"89",NA,"consola.afm.gz","C:\Windows\Fonts\consola.ttf","Consolas","Consolas","Consolas",FALSE,FALSE,FALSE,NA
"90",NA,"consolab.afm.gz","C:\Windows\Fonts\consolab.ttf","Consolas Bold","Consolas","Consolas-Bold",TRUE,FALSE,FALSE,NA
"91",NA,"consolaz.afm.gz","C:\Windows\Fonts\consolaz.ttf","Consolas Bold Italic","Consolas","Consolas-BoldItalic",TRUE,TRUE,FALSE,NA
"92",NA,"consolai.afm.gz","C:\Windows\Fonts\consolai.ttf","Consolas Italic","Consolas","Consolas-Italic",FALSE,TRUE,FALSE,NA
"93",NA,"constan.afm.gz","C:\Windows\Fonts\constan.ttf","Constantia","Constantia","Constantia",FALSE,FALSE,FALSE,NA
"94",NA,"constanb.afm.gz","C:\Windows\Fonts\constanb.ttf","Constantia Bold","Constantia","Constantia-Bold",TRUE,FALSE,FALSE,NA
"95",NA,"constanz.afm.gz","C:\Windows\Fonts\constanz.ttf","Constantia Bold Italic","Constantia","Constantia-BoldItalic",TRUE,TRUE,FALSE,NA
"96",NA,"constani.afm.gz","C:\Windows\Fonts\constani.ttf","Constantia Italic","Constantia","Constantia-Italic",FALSE,TRUE,FALSE,NA
"97",NA,"COOPBL.afm.gz","C:\Windows\Fonts\COOPBL.TTF","Cooper Black","Cooper Black","CooperBlack",FALSE,FALSE,FALSE,NA
"98",NA,"COPRGTB.afm.gz","C:\Windows\Fonts\COPRGTB.TTF","Copperplate Gothic Bold","Copperplate Gothic Bold","CopperplateGothic-Bold",FALSE,FALSE,FALSE,NA
"99",NA,"COPRGTL.afm.gz","C:\Windows\Fonts\COPRGTL.TTF","Copperplate Gothic Light","Copperplate Gothic Light","CopperplateGothic-Light",FALSE,FALSE,FALSE,NA
"100",NA,"corbel.afm.gz","C:\Windows\Fonts\corbel.ttf","Corbel","Corbel","Corbel",FALSE,FALSE,FALSE,NA
"101",NA,"corbelb.afm.gz","C:\Windows\Fonts\corbelb.ttf","Corbel Bold","Corbel","Corbel-Bold",TRUE,FALSE,FALSE,NA
"102",NA,"corbelz.afm.gz","C:\Windows\Fonts\corbelz.ttf","Corbel Bold Italic","Corbel","Corbel-BoldItalic",TRUE,TRUE,FALSE,NA
"103",NA,"corbeli.afm.gz","C:\Windows\Fonts\corbeli.ttf","Corbel Italic","Corbel","Corbel-Italic",FALSE,TRUE,FALSE,NA
"104",NA,"corbell.afm.gz","C:\Windows\Fonts\corbell.ttf","Corbel Light","Corbel Light","CorbelLight",FALSE,FALSE,FALSE,NA
"105",NA,"corbelli.afm.gz","C:\Windows\Fonts\corbelli.ttf","Corbel Light Italic","Corbel Light","CorbelLight-Italic",FALSE,TRUE,FALSE,NA
"106",NA,"courbi.afm.gz","C:\Windows\Fonts\courbi.ttf","Courier New Bold Italic","Courier New","CourierNewPS-BoldItalicMT",TRUE,TRUE,FALSE,NA
"107",NA,"courbd.afm.gz","C:\Windows\Fonts\courbd.ttf","Courier New Bold","Courier New","CourierNewPS-BoldMT",TRUE,FALSE,FALSE,NA
"108",NA,"couri.afm.gz","C:\Windows\Fonts\couri.ttf","Courier New Italic","Courier New","CourierNewPS-ItalicMT",FALSE,TRUE,FALSE,NA
"109",NA,"cour.afm.gz","C:\Windows\Fonts\cour.ttf","Courier New","Courier New","CourierNewPSMT",FALSE,FALSE,FALSE,NA
"110",NA,"CURLZ___.afm.gz","C:\Windows\Fonts\CURLZ___.TTF","Curlz MT","Curlz MT","CurlzMT",FALSE,FALSE,FALSE,NA
"111",NA,"ebrima.afm.gz","C:\Windows\Fonts\ebrima.ttf","Ebrima","Ebrima","Ebrima",FALSE,FALSE,FALSE,NA
"112",NA,"ebrimabd.afm.gz","C:\Windows\Fonts\ebrimabd.ttf","Ebrima Bold","Ebrima","Ebrima-Bold",TRUE,FALSE,FALSE,NA
"113",NA,"ITCEDSCR.afm.gz","C:\Windows\Fonts\ITCEDSCR.TTF","Edwardian Script ITC","Edwardian Script ITC","EdwardianScriptITC",FALSE,FALSE,FALSE,NA
"114",NA,"ELEPHNTI.afm.gz","C:\Windows\Fonts\ELEPHNTI.TTF","Elephant Italic","Elephant","Elephant-Italic",FALSE,TRUE,FALSE,NA
"115",NA,"ELEPHNT.afm.gz","C:\Windows\Fonts\ELEPHNT.TTF","Elephant","Elephant","Elephant-Regular",FALSE,FALSE,FALSE,NA
"116",NA,"ENGR.afm.gz","C:\Windows\Fonts\ENGR.TTF","Engravers MT","Engravers MT","EngraversMT",FALSE,FALSE,FALSE,NA
"117",NA,"ERASBD.afm.gz","C:\Windows\Fonts\ERASBD.TTF","Eras Bold ITC","Eras Bold ITC","ErasITC-Bold",FALSE,FALSE,FALSE,NA
"118",NA,"ERASDEMI.afm.gz","C:\Windows\Fonts\ERASDEMI.TTF","Eras Demi ITC","Eras Demi ITC","ErasITC-Demi",FALSE,FALSE,FALSE,NA
"119",NA,"ERASLGHT.afm.gz","C:\Windows\Fonts\ERASLGHT.TTF","Eras Light ITC","Eras Light ITC","ErasITC-Light",FALSE,FALSE,FALSE,NA
"120",NA,"ERASMD.afm.gz","C:\Windows\Fonts\ERASMD.TTF","Eras Medium ITC","Eras Medium ITC","ErasITC-Medium",FALSE,FALSE,FALSE,NA
"121",NA,"FELIXTI.afm.gz","C:\Windows\Fonts\FELIXTI.TTF","Felix Titling","Felix Titling","FelixTitlingMT",FALSE,FALSE,FALSE,NA
"122",NA,"FTLTLT.afm.gz","C:\Windows\Fonts\FTLTLT.TTF","Footlight MT Light","Footlight MT Light","FootlightMTLight",FALSE,FALSE,FALSE,NA
"123",NA,"FORTE.afm.gz","C:\Windows\Fonts\FORTE.TTF","Forte","Forte","ForteMT",FALSE,FALSE,FALSE,NA
"124",NA,"FRABK.afm.gz","C:\Windows\Fonts\FRABK.TTF","Franklin Gothic Book","Franklin Gothic Book","FranklinGothic-Book",FALSE,FALSE,FALSE,NA
"125",NA,"FRABKIT.afm.gz","C:\Windows\Fonts\FRABKIT.TTF","Franklin Gothic Book Italic","Franklin Gothic Book","FranklinGothic-BookItalic",FALSE,TRUE,FALSE,NA
"126",NA,"FRADM.afm.gz","C:\Windows\Fonts\FRADM.TTF","Franklin Gothic Demi","Franklin Gothic Demi","FranklinGothic-Demi",FALSE,FALSE,FALSE,NA
"127",NA,"FRADMCN.afm.gz","C:\Windows\Fonts\FRADMCN.TTF","Franklin Gothic Demi Cond","Franklin Gothic Demi Cond","FranklinGothic-DemiCond",FALSE,FALSE,FALSE,NA
"128",NA,"FRADMIT.afm.gz","C:\Windows\Fonts\FRADMIT.TTF","Franklin Gothic Demi Italic","Franklin Gothic Demi","FranklinGothic-DemiItalic",FALSE,TRUE,FALSE,NA
"129",NA,"FRAHV.afm.gz","C:\Windows\Fonts\FRAHV.TTF","Franklin Gothic Heavy","Franklin Gothic Heavy","FranklinGothic-Heavy",FALSE,FALSE,FALSE,NA
"130",NA,"FRAHVIT.afm.gz","C:\Windows\Fonts\FRAHVIT.TTF","Franklin Gothic Heavy Italic","Franklin Gothic Heavy","FranklinGothic-HeavyItalic",FALSE,TRUE,FALSE,NA
"131",NA,"framd.afm.gz","C:\Windows\Fonts\framd.ttf","Franklin Gothic Medium","Franklin Gothic Medium","FranklinGothic-Medium",FALSE,FALSE,FALSE,NA
"132",NA,"FRAMDCN.afm.gz","C:\Windows\Fonts\FRAMDCN.TTF","Franklin Gothic Medium Cond","Franklin Gothic Medium Cond","FranklinGothic-MediumCond",FALSE,FALSE,FALSE,NA
"133",NA,"framdit.afm.gz","C:\Windows\Fonts\framdit.ttf","Franklin Gothic Medium Italic","Franklin Gothic Medium","FranklinGothic-MediumItalic",FALSE,TRUE,FALSE,NA
"134",NA,"FREESCPT.afm.gz","C:\Windows\Fonts\FREESCPT.TTF","Freestyle Script","Freestyle Script","FreestyleScript-Regular",FALSE,FALSE,FALSE,NA
"135",NA,"FRSCRIPT.afm.gz","C:\Windows\Fonts\FRSCRIPT.TTF","French Script MT","French Script MT","FrenchScriptMT",FALSE,FALSE,FALSE,NA
"136",NA,"Gabriola.afm.gz","C:\Windows\Fonts\Gabriola.ttf","Gabriola","Gabriola","Gabriola",FALSE,FALSE,FALSE,NA
"137",NA,"gadugi.afm.gz","C:\Windows\Fonts\gadugi.ttf","Gadugi","Gadugi","Gadugi",FALSE,FALSE,FALSE,NA
"138",NA,"gadugib.afm.gz","C:\Windows\Fonts\gadugib.ttf","Gadugi Bold","Gadugi","Gadugi-Bold",TRUE,FALSE,FALSE,NA
"139",NA,"GARA.afm.gz","C:\Windows\Fonts\GARA.TTF","Garamond","Garamond","Garamond",FALSE,FALSE,FALSE,NA
"140",NA,"GARABD.afm.gz","C:\Windows\Fonts\GARABD.TTF","Garamond Bold","Garamond","Garamond-Bold",TRUE,FALSE,FALSE,NA
"141",NA,"GARAIT.afm.gz","C:\Windows\Fonts\GARAIT.TTF","Garamond Italic","Garamond","Garamond-Italic",FALSE,TRUE,FALSE,NA
"142",NA,"georgia.afm.gz","C:\Windows\Fonts\georgia.ttf","Georgia","Georgia","Georgia",FALSE,FALSE,FALSE,NA
"143",NA,"georgiab.afm.gz","C:\Windows\Fonts\georgiab.ttf","Georgia Bold","Georgia","Georgia-Bold",TRUE,FALSE,FALSE,NA
"144",NA,"georgiaz.afm.gz","C:\Windows\Fonts\georgiaz.ttf","Georgia Bold Italic","Georgia","Georgia-BoldItalic",TRUE,TRUE,FALSE,NA
"145",NA,"georgiai.afm.gz","C:\Windows\Fonts\georgiai.ttf","Georgia Italic","Georgia","Georgia-Italic",FALSE,TRUE,FALSE,NA
"146",NA,"GIGI.afm.gz","C:\Windows\Fonts\GIGI.TTF","Gigi","Gigi","Gigi-Regular",FALSE,FALSE,FALSE,NA
"147",NA,"GILSANUB.afm.gz","C:\Windows\Fonts\GILSANUB.TTF","Gill Sans Ultra Bold","Gill Sans Ultra Bold","GillSans-UltraBold",FALSE,FALSE,FALSE,NA
"148",NA,"GILLUBCD.afm.gz","C:\Windows\Fonts\GILLUBCD.TTF","Gill Sans Ultra Bold Condensed","Gill Sans Ultra Bold Condensed","GillSans-UltraBoldCondensed",FALSE,FALSE,FALSE,NA
"149",NA,"GIL_____.afm.gz","C:\Windows\Fonts\GIL_____.TTF","Gill Sans MT","Gill Sans MT","GillSansMT",FALSE,FALSE,FALSE,NA
"150",NA,"GILB____.afm.gz","C:\Windows\Fonts\GILB____.TTF","Gill Sans MT Bold","Gill Sans MT","GillSansMT-Bold",TRUE,FALSE,FALSE,NA
"151",NA,"GILBI___.afm.gz","C:\Windows\Fonts\GILBI___.TTF","Gill Sans MT Bold Italic","Gill Sans MT","GillSansMT-BoldItalic",TRUE,TRUE,FALSE,NA
"152",NA,"GILC____.afm.gz","C:\Windows\Fonts\GILC____.TTF","Gill Sans MT Condensed","Gill Sans MT Condensed","GillSansMT-Condensed",FALSE,FALSE,FALSE,NA
"153",NA,"GLSNECB.afm.gz","C:\Windows\Fonts\GLSNECB.TTF","Gill Sans MT Ext Condensed Bold","Gill Sans MT Ext Condensed Bold","GillSansMT-ExtraCondensedBold",FALSE,FALSE,FALSE,NA
"154",NA,"GILI____.afm.gz","C:\Windows\Fonts\GILI____.TTF","Gill Sans MT Italic","Gill Sans MT","GillSansMT-Italic",FALSE,TRUE,FALSE,NA
"155",NA,"GLECB.afm.gz","C:\Windows\Fonts\GLECB.TTF","Gloucester MT Extra Condensed","Gloucester MT Extra Condensed","GloucesterMT-ExtraCondensed",FALSE,FALSE,FALSE,NA
"156",NA,"GOUDOSB.afm.gz","C:\Windows\Fonts\GOUDOSB.TTF","Goudy Old Style Bold","Goudy Old Style","GoudyOldStyleT-Bold",TRUE,FALSE,FALSE,NA
"157",NA,"GOUDOSI.afm.gz","C:\Windows\Fonts\GOUDOSI.TTF","Goudy Old Style Italic","Goudy Old Style","GoudyOldStyleT-Italic",FALSE,TRUE,FALSE,NA
"158",NA,"GOUDOS.afm.gz","C:\Windows\Fonts\GOUDOS.TTF","Goudy Old Style","Goudy Old Style","GoudyOldStyleT-Regular",FALSE,FALSE,FALSE,NA
"159",NA,"GOUDYSTO.afm.gz","C:\Windows\Fonts\GOUDYSTO.TTF","Goudy Stout","Goudy Stout","GoudyStout",FALSE,FALSE,FALSE,NA
"160",NA,"HATTEN.afm.gz","C:\Windows\Fonts\HATTEN.TTF","Haettenschweiler","Haettenschweiler","Haettenschweiler",FALSE,FALSE,FALSE,NA
"161",NA,"HARLOWSI.afm.gz","C:\Windows\Fonts\HARLOWSI.TTF","Harlow Solid Italic","Harlow Solid Italic","HarlowSolid",FALSE,TRUE,FALSE,NA
"162",NA,"HARNGTON.afm.gz","C:\Windows\Fonts\HARNGTON.TTF","Harrington","Harrington","Harrington",FALSE,FALSE,FALSE,NA
"163",NA,"HTOWERTI.afm.gz","C:\Windows\Fonts\HTOWERTI.TTF","High Tower Text Italic","High Tower Text","HighTowerText-Italic",FALSE,TRUE,FALSE,NA
"164",NA,"HTOWERT.afm.gz","C:\Windows\Fonts\HTOWERT.TTF","High Tower Text","High Tower Text","HighTowerText-Reg",FALSE,FALSE,FALSE,NA
"165",NA,"holomdl2.afm.gz","C:\Windows\Fonts\holomdl2.ttf","HoloLens MDL2 Assets","HoloLens MDL2 Assets","HoloLensMDL2Assets",FALSE,FALSE,FALSE,NA
"166",NA,"HPSimplified.afm.gz","C:\Windows\Fonts\HPSimplified.ttf","HP Simplified Bold","HP Simplified","HPSimplified-Bold",TRUE,FALSE,FALSE,NA
"167",NA,"HPSimplified_BdIt.afm.gz","C:\Windows\Fonts\HPSimplified_BdIt.ttf","HP Simplified Bold Italic","HP Simplified","HPSimplified-BoldItalic",TRUE,TRUE,FALSE,NA
"168",NA,"HPSimplified_It.afm.gz","C:\Windows\Fonts\HPSimplified_It.ttf","HP Simplified Italic","HP Simplified","HPSimplified-Italic",FALSE,TRUE,FALSE,NA
"169",NA,"HPSimplified_Lt.afm.gz","C:\Windows\Fonts\HPSimplified_Lt.ttf","HP Simplified Light","HP Simplified Light","HPSimplified-Light",FALSE,FALSE,FALSE,NA
"170",NA,"HPSimplified_LtIt.afm.gz","C:\Windows\Fonts\HPSimplified_LtIt.ttf","HP Simplified Light Italic","HP Simplified Light","HPSimplified-LightItalic",FALSE,TRUE,FALSE,NA
"171",NA,"HPSimplified_Rg.afm.gz","C:\Windows\Fonts\HPSimplified_Rg.ttf","HP Simplified","HP Simplified","HPSimplified-Regular",FALSE,FALSE,FALSE,NA
"172",NA,"impact.afm.gz","C:\Windows\Fonts\impact.ttf","Impact","Impact","Impact",FALSE,FALSE,FALSE,NA
"173",NA,"IMPRISHA.afm.gz","C:\Windows\Fonts\IMPRISHA.TTF","Imprint MT Shadow","Imprint MT Shadow","ImprintMT-Shadow",FALSE,FALSE,FALSE,NA
"174",NA,"INFROMAN.afm.gz","C:\Windows\Fonts\INFROMAN.TTF","Informal Roman","Informal Roman","InformalRoman-Regular",FALSE,FALSE,FALSE,NA
"175",NA,"Inkfree.afm.gz","C:\Windows\Fonts\Inkfree.ttf","Ink Free","Ink Free","InkFree",FALSE,FALSE,FALSE,NA
"176",NA,"javatext.afm.gz","C:\Windows\Fonts\javatext.ttf","Javanese Text","Javanese Text","JavaneseText",FALSE,FALSE,FALSE,NA
"177",NA,"JOKERMAN.afm.gz","C:\Windows\Fonts\JOKERMAN.TTF","Jokerman","Jokerman","Jokerman-Regular",FALSE,FALSE,FALSE,NA
"178",NA,"JUICE___.afm.gz","C:\Windows\Fonts\JUICE___.TTF","Juice ITC","Juice ITC","JuiceITC-Regular",FALSE,FALSE,FALSE,NA
"179",NA,"kalpurush.afm.gz","C:\Windows\Fonts\kalpurush.ttf","Kalpurush","Kalpurush","Kalpurush",FALSE,FALSE,FALSE,NA
"180",NA,"kalpurush ANSI.afm.gz","C:\Windows\Fonts\kalpurush ANSI.ttf","Kalpurush ANSI","Kalpurush ANSI","KalpurushANSI",FALSE,FALSE,FALSE,NA
"181",NA,"ITCKRIST.afm.gz","C:\Windows\Fonts\ITCKRIST.TTF","Kristen ITC","Kristen ITC","KristenITC-Regular",FALSE,FALSE,FALSE,NA
"182",NA,"KUNSTLER.afm.gz","C:\Windows\Fonts\KUNSTLER.TTF","Kunstler Script","Kunstler Script","KunstlerScript",FALSE,FALSE,FALSE,NA
"183",NA,"LATINWD.afm.gz","C:\Windows\Fonts\LATINWD.TTF","Wide Latin","Wide Latin","LatinWide",FALSE,FALSE,FALSE,NA
"184",NA,"LeelawUI.afm.gz","C:\Windows\Fonts\LeelawUI.ttf","Leelawadee UI","Leelawadee UI","LeelawadeeUI",FALSE,FALSE,FALSE,NA
"185",NA,"LeelaUIb.afm.gz","C:\Windows\Fonts\LeelaUIb.ttf","Leelawadee UI Bold","Leelawadee UI","LeelawadeeUI-Bold",TRUE,FALSE,FALSE,NA
"186",NA,"LeelUIsl.afm.gz","C:\Windows\Fonts\LeelUIsl.ttf","Leelawadee UI Semilight","Leelawadee UI Semilight","LeelawadeeUI-Semilight",FALSE,FALSE,FALSE,NA
"187",NA,"LBRITE.afm.gz","C:\Windows\Fonts\LBRITE.TTF","Lucida Bright","Lucida Bright","LucidaBright",FALSE,FALSE,FALSE,NA
"188",NA,"LBRITED.afm.gz","C:\Windows\Fonts\LBRITED.TTF","Lucida Bright Demibold","Lucida Bright","LucidaBright-Demi",FALSE,FALSE,FALSE,NA
"189",NA,"LBRITEDI.afm.gz","C:\Windows\Fonts\LBRITEDI.TTF","Lucida Bright Demibold Italic","Lucida Bright","LucidaBright-DemiItalic",FALSE,TRUE,FALSE,NA
"190",NA,"LBRITEI.afm.gz","C:\Windows\Fonts\LBRITEI.TTF","Lucida Bright Italic","Lucida Bright","LucidaBright-Italic",FALSE,TRUE,FALSE,NA
"191",NA,"LCALLIG.afm.gz","C:\Windows\Fonts\LCALLIG.TTF","Lucida Calligraphy Italic","Lucida Calligraphy","LucidaCalligraphy-Italic",FALSE,TRUE,FALSE,NA
"192",NA,"lucon.afm.gz","C:\Windows\Fonts\lucon.ttf","Lucida Console","Lucida Console","LucidaConsole",FALSE,FALSE,FALSE,NA
"193",NA,"LFAX.afm.gz","C:\Windows\Fonts\LFAX.TTF","Lucida Fax Regular","Lucida Fax","LucidaFax",FALSE,FALSE,FALSE,NA
"194",NA,"LFAXD.afm.gz","C:\Windows\Fonts\LFAXD.TTF","Lucida Fax Demibold","Lucida Fax","LucidaFax-Demi",FALSE,FALSE,FALSE,NA
"195",NA,"LFAXDI.afm.gz","C:\Windows\Fonts\LFAXDI.TTF","Lucida Fax Demibold Italic","Lucida Fax","LucidaFax-DemiItalic",FALSE,TRUE,FALSE,NA
"196",NA,"LFAXI.afm.gz","C:\Windows\Fonts\LFAXI.TTF","Lucida Fax Italic","Lucida Fax","LucidaFax-Italic",FALSE,TRUE,FALSE,NA
"197",NA,"LHANDW.afm.gz","C:\Windows\Fonts\LHANDW.TTF","Lucida Handwriting Italic","Lucida Handwriting","LucidaHandwriting-Italic",FALSE,TRUE,FALSE,NA
"198",NA,"LSANS.afm.gz","C:\Windows\Fonts\LSANS.TTF","Lucida Sans Regular","Lucida Sans","LucidaSans",FALSE,FALSE,FALSE,NA
"199",NA,"LSANSD.afm.gz","C:\Windows\Fonts\LSANSD.TTF","Lucida Sans Demibold Roman","Lucida Sans","LucidaSans-Demi",FALSE,FALSE,FALSE,NA
"200",NA,"LSANSDI.afm.gz","C:\Windows\Fonts\LSANSDI.TTF","Lucida Sans Demibold Italic","Lucida Sans","LucidaSans-DemiItalic",FALSE,TRUE,FALSE,NA
"201",NA,"LSANSI.afm.gz","C:\Windows\Fonts\LSANSI.TTF","Lucida Sans Italic","Lucida Sans","LucidaSans-Italic",FALSE,TRUE,FALSE,NA
"202",NA,"LTYPE.afm.gz","C:\Windows\Fonts\LTYPE.TTF","Lucida Sans Typewriter Regular","Lucida Sans Typewriter","LucidaSans-Typewriter",FALSE,FALSE,FALSE,NA
"203",NA,"LTYPEB.afm.gz","C:\Windows\Fonts\LTYPEB.TTF","Lucida Sans Typewriter Bold","Lucida Sans Typewriter","LucidaSans-TypewriterBold",TRUE,FALSE,FALSE,NA
"204",NA,"LTYPEBO.afm.gz","C:\Windows\Fonts\LTYPEBO.TTF","Lucida Sans Typewriter Bold Oblique","Lucida Sans Typewriter","LucidaSans-TypewriterBoldOblique",TRUE,TRUE,FALSE,NA
"205",NA,"LTYPEO.afm.gz","C:\Windows\Fonts\LTYPEO.TTF","Lucida Sans Typewriter Oblique","Lucida Sans Typewriter","LucidaSans-TypewriterOblique",FALSE,TRUE,FALSE,NA
"206",NA,"l_10646.afm.gz","C:\Windows\Fonts\l_10646.ttf","Lucida Sans Unicode","Lucida Sans Unicode","LucidaSansUnicode",FALSE,FALSE,FALSE,NA
"207",NA,"MAGNETOB.afm.gz","C:\Windows\Fonts\MAGNETOB.TTF","Magneto Bold","Magneto","Magneto-Bold",TRUE,FALSE,FALSE,NA
"208",NA,"MAIAN.afm.gz","C:\Windows\Fonts\MAIAN.TTF","Maiandra GD","Maiandra GD","MaiandraGD-Regular",FALSE,FALSE,FALSE,NA
"209",NA,"malgun.afm.gz","C:\Windows\Fonts\malgun.ttf","Malgun Gothic","Malgun Gothic","MalgunGothic",FALSE,FALSE,FALSE,NA
"210",NA,"malgunsl.afm.gz","C:\Windows\Fonts\malgunsl.ttf","Malgun Gothic Semilight","Malgun Gothic Semilight","MalgunGothic-Semilight",FALSE,FALSE,FALSE,NA
"211",NA,"malgunbd.afm.gz","C:\Windows\Fonts\malgunbd.ttf","Malgun Gothic Bold","Malgun Gothic","MalgunGothicBold",TRUE,FALSE,FALSE,NA
"212",NA,"marlett.afm.gz","C:\Windows\Fonts\marlett.ttf","Marlett","Marlett","Marlett",FALSE,FALSE,FALSE,NA
"213",NA,"MATURASC.afm.gz","C:\Windows\Fonts\MATURASC.TTF","Matura MT Script Capitals","Matura MT Script Capitals","MaturaMTScriptCapitals",FALSE,FALSE,FALSE,NA
"214",NA,"himalaya.afm.gz","C:\Windows\Fonts\himalaya.ttf","Microsoft Himalaya","Microsoft Himalaya","Microsoft-Himalaya",FALSE,FALSE,FALSE,NA
"215",NA,"msyi.afm.gz","C:\Windows\Fonts\msyi.ttf","Microsoft Yi Baiti","Microsoft Yi Baiti","Microsoft-Yi-Baiti",FALSE,FALSE,FALSE,NA
"216",NA,"ntailu.afm.gz","C:\Windows\Fonts\ntailu.ttf","Microsoft New Tai Lue","Microsoft New Tai Lue","MicrosoftNewTaiLue",FALSE,FALSE,FALSE,NA
"217",NA,"ntailub.afm.gz","C:\Windows\Fonts\ntailub.ttf","Microsoft New Tai Lue Bold","Microsoft New Tai Lue","MicrosoftNewTaiLue-Bold",TRUE,FALSE,FALSE,NA
"218",NA,"phagspa.afm.gz","C:\Windows\Fonts\phagspa.ttf","Microsoft PhagsPa","Microsoft PhagsPa","MicrosoftPhagsPa",FALSE,FALSE,FALSE,NA
"219",NA,"phagspab.afm.gz","C:\Windows\Fonts\phagspab.ttf","Microsoft PhagsPa Bold","Microsoft PhagsPa","MicrosoftPhagsPa-Bold",TRUE,FALSE,FALSE,NA
"220",NA,"micross.afm.gz","C:\Windows\Fonts\micross.ttf","Microsoft Sans Serif","Microsoft Sans Serif","MicrosoftSansSerif",FALSE,FALSE,FALSE,NA
"221",NA,"taile.afm.gz","C:\Windows\Fonts\taile.ttf","Microsoft Tai Le","Microsoft Tai Le","MicrosoftTaiLe",FALSE,FALSE,FALSE,NA
"222",NA,"taileb.afm.gz","C:\Windows\Fonts\taileb.ttf","Microsoft Tai Le Bold","Microsoft Tai Le","MicrosoftTaiLe-Bold",TRUE,FALSE,FALSE,NA
"223",NA,"MISTRAL.afm.gz","C:\Windows\Fonts\MISTRAL.TTF","Mistral","Mistral","Mistral",FALSE,FALSE,FALSE,NA
"224",NA,"MOD20.afm.gz","C:\Windows\Fonts\MOD20.TTF","Modern No. 20","Modern No. 20","Modern-Regular",FALSE,FALSE,FALSE,NA
"225",NA,"monbaiti.afm.gz","C:\Windows\Fonts\monbaiti.ttf","Mongolian Baiti","Mongolian Baiti","MongolianBaiti",FALSE,FALSE,FALSE,NA
"226",NA,"MTCORSVA.afm.gz","C:\Windows\Fonts\MTCORSVA.TTF","Monotype Corsiva","Monotype Corsiva","MonotypeCorsiva",FALSE,FALSE,FALSE,NA
"227",NA,"OUTLOOK.afm.gz","C:\Windows\Fonts\OUTLOOK.TTF","MS Outlook","MS Outlook","MSOutlook",FALSE,FALSE,FALSE,NA
"228",NA,"REFSAN.afm.gz","C:\Windows\Fonts\REFSAN.TTF","MS Reference Sans Serif","MS Reference Sans Serif","MSReferenceSansSerif",FALSE,FALSE,FALSE,NA
"229",NA,"REFSPCL.afm.gz","C:\Windows\Fonts\REFSPCL.TTF","MS Reference Specialty","MS Reference Specialty","MSReferenceSpecialty",FALSE,FALSE,FALSE,NA
"230",NA,"mvboli.afm.gz","C:\Windows\Fonts\mvboli.ttf","MV Boli","MV Boli","MVBoli",FALSE,FALSE,FALSE,NA
"231",NA,"mmrtext.afm.gz","C:\Windows\Fonts\mmrtext.ttf","Myanmar Text","Myanmar Text","MyanmarText",FALSE,FALSE,FALSE,NA
"232",NA,"mmrtextb.afm.gz","C:\Windows\Fonts\mmrtextb.ttf","Myanmar Text Bold","Myanmar Text","MyanmarText-Bold",TRUE,FALSE,FALSE,NA
"233",NA,"NIAGENG.afm.gz","C:\Windows\Fonts\NIAGENG.TTF","Niagara Engraved","Niagara Engraved","NiagaraEngraved-Reg",FALSE,FALSE,FALSE,NA
"234",NA,"NIAGSOL.afm.gz","C:\Windows\Fonts\NIAGSOL.TTF","Niagara Solid","Niagara Solid","NiagaraSolid-Reg",FALSE,FALSE,FALSE,NA
"235",NA,"Nirmala.afm.gz","C:\Windows\Fonts\Nirmala.ttf","Nirmala UI","Nirmala UI","NirmalaUI",FALSE,FALSE,FALSE,NA
"236",NA,"NirmalaB.afm.gz","C:\Windows\Fonts\NirmalaB.ttf","Nirmala UI Bold","Nirmala UI","NirmalaUI-Bold",TRUE,FALSE,FALSE,NA
"237",NA,"NirmalaS.afm.gz","C:\Windows\Fonts\NirmalaS.ttf","Nirmala UI Semilight","Nirmala UI Semilight","NirmalaUI-Semilight",FALSE,FALSE,FALSE,NA
"238",NA,"OCRAEXT.afm.gz","C:\Windows\Fonts\OCRAEXT.TTF","OCR A Extended","OCR A Extended","OCRAExtended",FALSE,FALSE,FALSE,NA
"239",NA,"OLDENGL.afm.gz","C:\Windows\Fonts\OLDENGL.TTF","Old English Text MT","Old English Text MT","OldEnglishTextMT",FALSE,FALSE,FALSE,NA
"240",NA,"ONYX.afm.gz","C:\Windows\Fonts\ONYX.TTF","Onyx","Onyx","Onyx",FALSE,FALSE,FALSE,NA
"241",NA,"PALSCRI.afm.gz","C:\Windows\Fonts\PALSCRI.TTF","Palace Script MT","Palace Script MT","PalaceScriptMT",FALSE,FALSE,FALSE,NA
"242",NA,"palab.afm.gz","C:\Windows\Fonts\palab.ttf","Palatino Linotype Bold","Palatino Linotype","PalatinoLinotype-Bold",TRUE,FALSE,FALSE,NA
"243",NA,"palabi.afm.gz","C:\Windows\Fonts\palabi.ttf","Palatino Linotype Bold Italic","Palatino Linotype","PalatinoLinotype-BoldItalic",TRUE,TRUE,FALSE,NA
"244",NA,"palai.afm.gz","C:\Windows\Fonts\palai.ttf","Palatino Linotype Italic","Palatino Linotype","PalatinoLinotype-Italic",FALSE,TRUE,FALSE,NA
"245",NA,"pala.afm.gz","C:\Windows\Fonts\pala.ttf","Palatino Linotype","Palatino Linotype","PalatinoLinotype-Roman",FALSE,FALSE,FALSE,NA
"246",NA,"PAPYRUS.afm.gz","C:\Windows\Fonts\PAPYRUS.TTF","Papyrus","Papyrus","Papyrus-Regular",FALSE,FALSE,FALSE,NA
"247",NA,"PARCHM.afm.gz","C:\Windows\Fonts\PARCHM.TTF","Parchment","Parchment","Parchment-Regular",FALSE,FALSE,FALSE,NA
"248",NA,"PER_____.afm.gz","C:\Windows\Fonts\PER_____.TTF","Perpetua","Perpetua","Perpetua",FALSE,FALSE,FALSE,NA
"249",NA,"PERB____.afm.gz","C:\Windows\Fonts\PERB____.TTF","Perpetua Bold","Perpetua","Perpetua-Bold",TRUE,FALSE,FALSE,NA
"250",NA,"PERBI___.afm.gz","C:\Windows\Fonts\PERBI___.TTF","Perpetua Bold Italic","Perpetua","Perpetua-BoldItalic",TRUE,TRUE,FALSE,NA
"251",NA,"PERI____.afm.gz","C:\Windows\Fonts\PERI____.TTF","Perpetua Italic","Perpetua","Perpetua-Italic",FALSE,TRUE,FALSE,NA
"252",NA,"PERTIBD.afm.gz","C:\Windows\Fonts\PERTIBD.TTF","Perpetua Titling MT Bold","Perpetua Titling MT","PerpetuaTitlingMT-Bold",TRUE,FALSE,FALSE,NA
"253",NA,"PERTILI.afm.gz","C:\Windows\Fonts\PERTILI.TTF","Perpetua Titling MT Light","Perpetua Titling MT","PerpetuaTitlingMT-Light",FALSE,FALSE,FALSE,NA
"254",NA,"PLAYBILL.afm.gz","C:\Windows\Fonts\PLAYBILL.TTF","Playbill","Playbill","Playbill",FALSE,FALSE,FALSE,NA
"255",NA,"POORICH.afm.gz","C:\Windows\Fonts\POORICH.TTF","Poor Richard","Poor Richard","PoorRichard-Regular",FALSE,FALSE,FALSE,NA
"256",NA,"PRISTINA.afm.gz","C:\Windows\Fonts\PRISTINA.TTF","Pristina","Pristina","Pristina-Regular",FALSE,FALSE,FALSE,NA
"257",NA,"RAGE.afm.gz","C:\Windows\Fonts\RAGE.TTF","Rage Italic","Rage Italic","RageItalic",FALSE,TRUE,FALSE,NA
"258",NA,"RAVIE.afm.gz","C:\Windows\Fonts\RAVIE.TTF","Ravie","Ravie","Ravie",FALSE,FALSE,FALSE,NA
"259",NA,"ROCK.afm.gz","C:\Windows\Fonts\ROCK.TTF","Rockwell","Rockwell","Rockwell",FALSE,FALSE,FALSE,NA
"260",NA,"ROCKB.afm.gz","C:\Windows\Fonts\ROCKB.TTF","Rockwell Bold","Rockwell","Rockwell-Bold",TRUE,FALSE,FALSE,NA
"261",NA,"ROCKBI.afm.gz","C:\Windows\Fonts\ROCKBI.TTF","Rockwell Bold Italic","Rockwell","Rockwell-BoldItalic",TRUE,TRUE,FALSE,NA
"262",NA,"ROCC____.afm.gz","C:\Windows\Fonts\ROCC____.TTF","Rockwell Condensed","Rockwell Condensed","Rockwell-Condensed",FALSE,FALSE,FALSE,NA
"263",NA,"ROCCB___.afm.gz","C:\Windows\Fonts\ROCCB___.TTF","Rockwell Condensed Bold","Rockwell Condensed","Rockwell-CondensedBold",TRUE,FALSE,FALSE,NA
"264",NA,"ROCKEB.afm.gz","C:\Windows\Fonts\ROCKEB.TTF","Rockwell Extra Bold","Rockwell Extra Bold","Rockwell-ExtraBold",FALSE,FALSE,FALSE,NA
"265",NA,"ROCKI.afm.gz","C:\Windows\Fonts\ROCKI.TTF","Rockwell Italic","Rockwell","Rockwell-Italic",FALSE,TRUE,FALSE,NA
"266",NA,"SCRIPTBL.afm.gz","C:\Windows\Fonts\SCRIPTBL.TTF","Script MT Bold","Script MT Bold","ScriptMTBold",FALSE,FALSE,FALSE,NA
"267",NA,"segmdl2.afm.gz","C:\Windows\Fonts\segmdl2.ttf","Segoe MDL2 Assets","Segoe MDL2 Assets","SegoeMDL2Assets",FALSE,FALSE,FALSE,NA
"268",NA,"segoepr.afm.gz","C:\Windows\Fonts\segoepr.ttf","Segoe Print","Segoe Print","SegoePrint",FALSE,FALSE,FALSE,NA
"269",NA,"segoeprb.afm.gz","C:\Windows\Fonts\segoeprb.ttf","Segoe Print Bold","Segoe Print","SegoePrint-Bold",TRUE,FALSE,FALSE,NA
"270",NA,"segoesc.afm.gz","C:\Windows\Fonts\segoesc.ttf","Segoe Script","Segoe Script","SegoeScript",FALSE,FALSE,FALSE,NA
"271",NA,"segoescb.afm.gz","C:\Windows\Fonts\segoescb.ttf","Segoe Script Bold","Segoe Script","SegoeScript-Bold",TRUE,FALSE,FALSE,NA
"272",NA,"segoeui.afm.gz","C:\Windows\Fonts\segoeui.ttf","Segoe UI","Segoe UI","SegoeUI",FALSE,FALSE,FALSE,NA
"273",NA,"segoeuib.afm.gz","C:\Windows\Fonts\segoeuib.ttf","Segoe UI Bold","Segoe UI","SegoeUI-Bold",TRUE,FALSE,FALSE,NA
"274",NA,"segoeuiz.afm.gz","C:\Windows\Fonts\segoeuiz.ttf","Segoe UI Bold Italic","Segoe UI","SegoeUI-BoldItalic",TRUE,TRUE,FALSE,NA
"275",NA,"segoeuii.afm.gz","C:\Windows\Fonts\segoeuii.ttf","Segoe UI Italic","Segoe UI","SegoeUI-Italic",FALSE,TRUE,FALSE,NA
"276",NA,"segoeuil.afm.gz","C:\Windows\Fonts\segoeuil.ttf","Segoe UI Light","Segoe UI Light","SegoeUI-Light",FALSE,FALSE,FALSE,NA
"277",NA,"seguili.afm.gz","C:\Windows\Fonts\seguili.ttf","Segoe UI Light Italic","Segoe UI Light","SegoeUI-LightItalic",FALSE,TRUE,FALSE,NA
"278",NA,"seguisb.afm.gz","C:\Windows\Fonts\seguisb.ttf","Segoe UI Semibold","Segoe UI Semibold","SegoeUI-Semibold",FALSE,FALSE,FALSE,NA
"279",NA,"seguisbi.afm.gz","C:\Windows\Fonts\seguisbi.ttf","Segoe UI Semibold Italic","Segoe UI Semibold","SegoeUI-SemiboldItalic",FALSE,TRUE,FALSE,NA
"280",NA,"segoeuisl.afm.gz","C:\Windows\Fonts\segoeuisl.ttf","Segoe UI Semilight","Segoe UI Semilight","SegoeUI-Semilight",FALSE,FALSE,FALSE,NA
"281",NA,"seguisli.afm.gz","C:\Windows\Fonts\seguisli.ttf","Segoe UI Semilight Italic","Segoe UI Semilight","SegoeUI-SemilightItalic",FALSE,TRUE,FALSE,NA
"282",NA,"seguibl.afm.gz","C:\Windows\Fonts\seguibl.ttf","Segoe UI Black","Segoe UI Black","SegoeUIBlack",FALSE,FALSE,FALSE,NA
"283",NA,"seguibli.afm.gz","C:\Windows\Fonts\seguibli.ttf","Segoe UI Black Italic","Segoe UI Black","SegoeUIBlack-Italic",FALSE,TRUE,FALSE,NA
"284",NA,"seguiemj.afm.gz","C:\Windows\Fonts\seguiemj.ttf","Segoe UI Emoji","Segoe UI Emoji","SegoeUIEmoji",FALSE,FALSE,FALSE,NA
"285",NA,"seguihis.afm.gz","C:\Windows\Fonts\seguihis.ttf","Segoe UI Historic","Segoe UI Historic","SegoeUIHistoric",FALSE,FALSE,FALSE,NA
"286",NA,"seguisym.afm.gz","C:\Windows\Fonts\seguisym.ttf","Segoe UI Symbol","Segoe UI Symbol","SegoeUISymbol",FALSE,FALSE,TRUE,NA
"287",NA,"SHOWG.afm.gz","C:\Windows\Fonts\SHOWG.TTF","Showcard Gothic","Showcard Gothic","ShowcardGothic-Reg",FALSE,FALSE,FALSE,NA
"288",NA,"simsunb.afm.gz","C:\Windows\Fonts\simsunb.ttf","SimSun-ExtB","SimSun-ExtB","SimSun-ExtB",FALSE,FALSE,FALSE,NA
"289",NA,"Siyamrupali.afm.gz","C:\Windows\Fonts\Siyamrupali.ttf","Siyam Rupali","Siyam Rupali","SiyamRupali",FALSE,FALSE,FALSE,NA
"290",NA,"Siyam Rupali ANSI.afm.gz","C:\Windows\Fonts\Siyam Rupali ANSI.ttf","Siyam Rupali ANSI","Siyam Rupali ANSI","SiyamRupaliANSI",FALSE,FALSE,FALSE,NA
"291",NA,"SNAP____.afm.gz","C:\Windows\Fonts\SNAP____.TTF","Snap ITC","Snap ITC","SnapITC-Regular",FALSE,FALSE,FALSE,NA
"292",NA,"STENCIL.afm.gz","C:\Windows\Fonts\STENCIL.TTF","Stencil","Stencil","Stencil",FALSE,FALSE,FALSE,NA
"293",NA,"sylfaen.afm.gz","C:\Windows\Fonts\sylfaen.ttf","Sylfaen","Sylfaen","Sylfaen",FALSE,FALSE,FALSE,NA
"294",NA,"symbol.afm.gz","C:\Windows\Fonts\symbol.ttf","Symbol","Symbol","SymbolMT",FALSE,FALSE,TRUE,NA
"295",NA,"tahoma.afm.gz","C:\Windows\Fonts\tahoma.ttf","Tahoma","Tahoma","Tahoma",FALSE,FALSE,FALSE,NA
"296",NA,"tahomabd.afm.gz","C:\Windows\Fonts\tahomabd.ttf","Tahoma Bold","Tahoma","Tahoma-Bold",TRUE,FALSE,FALSE,NA
"297",NA,"TEMPSITC.afm.gz","C:\Windows\Fonts\TEMPSITC.TTF","Tempus Sans ITC","Tempus Sans ITC","TempusSansITC",FALSE,FALSE,FALSE,NA
"298",NA,"timesbi.afm.gz","C:\Windows\Fonts\timesbi.ttf","Times New Roman Bold Italic","Times New Roman","TimesNewRomanPS-BoldItalicMT",TRUE,TRUE,FALSE,NA
"299",NA,"timesbd.afm.gz","C:\Windows\Fonts\timesbd.ttf","Times New Roman Bold","Times New Roman","TimesNewRomanPS-BoldMT",TRUE,FALSE,FALSE,NA
"300",NA,"timesi.afm.gz","C:\Windows\Fonts\timesi.ttf","Times New Roman Italic","Times New Roman","TimesNewRomanPS-ItalicMT",FALSE,TRUE,FALSE,NA
"301",NA,"times.afm.gz","C:\Windows\Fonts\times.ttf","Times New Roman","Times New Roman","TimesNewRomanPSMT",FALSE,FALSE,FALSE,NA
"302",NA,"trebucbi.afm.gz","C:\Windows\Fonts\trebucbi.ttf","Trebuchet MS Bold Italic","Trebuchet MS","Trebuchet-BoldItalic",TRUE,TRUE,FALSE,NA
"303",NA,"trebuc.afm.gz","C:\Windows\Fonts\trebuc.ttf","Trebuchet MS","Trebuchet MS","TrebuchetMS",FALSE,FALSE,FALSE,NA
"304",NA,"trebucbd.afm.gz","C:\Windows\Fonts\trebucbd.ttf","Trebuchet MS Bold","Trebuchet MS","TrebuchetMS-Bold",TRUE,FALSE,FALSE,NA
"305",NA,"trebucit.afm.gz","C:\Windows\Fonts\trebucit.ttf","Trebuchet MS Italic","Trebuchet MS","TrebuchetMS-Italic",FALSE,TRUE,FALSE,NA
"306",NA,"TCB_____.afm.gz","C:\Windows\Fonts\TCB_____.TTF","Tw Cen MT Bold","Tw Cen MT","TwCenMT-Bold",TRUE,FALSE,FALSE,NA
"307",NA,"TCBI____.afm.gz","C:\Windows\Fonts\TCBI____.TTF","Tw Cen MT Bold Italic","Tw Cen MT","TwCenMT-BoldItalic",TRUE,TRUE,FALSE,NA
"308",NA,"TCCM____.afm.gz","C:\Windows\Fonts\TCCM____.TTF","Tw Cen MT Condensed","Tw Cen MT Condensed","TwCenMT-Condensed",FALSE,FALSE,FALSE,NA
"309",NA,"TCCB____.afm.gz","C:\Windows\Fonts\TCCB____.TTF","Tw Cen MT Condensed Bold","Tw Cen MT Condensed","TwCenMT-CondensedBold",TRUE,FALSE,FALSE,NA
"310",NA,"TCCEB.afm.gz","C:\Windows\Fonts\TCCEB.TTF","Tw Cen MT Condensed Extra Bold","Tw Cen MT Condensed Extra Bold","TwCenMT-CondensedExtraBold",FALSE,FALSE,FALSE,NA
"311",NA,"TCMI____.afm.gz","C:\Windows\Fonts\TCMI____.TTF","Tw Cen MT Italic","Tw Cen MT","TwCenMT-Italic",FALSE,TRUE,FALSE,NA
"312",NA,"TCM_____.afm.gz","C:\Windows\Fonts\TCM_____.TTF","Tw Cen MT","Tw Cen MT","TwCenMT-Regular",FALSE,FALSE,FALSE,NA
"313",NA,"verdana.afm.gz","C:\Windows\Fonts\verdana.ttf","Verdana","Verdana","Verdana",FALSE,FALSE,FALSE,NA
"314",NA,"verdanab.afm.gz","C:\Windows\Fonts\verdanab.ttf","Verdana Bold","Verdana","Verdana-Bold",TRUE,FALSE,FALSE,NA
"315",NA,"verdanaz.afm.gz","C:\Windows\Fonts\verdanaz.ttf","Verdana Bold Italic","Verdana","Verdana-BoldItalic",TRUE,TRUE,FALSE,NA
"316",NA,"verdanai.afm.gz","C:\Windows\Fonts\verdanai.ttf","Verdana Italic","Verdana","Verdana-Italic",FALSE,TRUE,FALSE,NA
"317",NA,"VINERITC.afm.gz","C:\Windows\Fonts\VINERITC.TTF","Viner Hand ITC","Viner Hand ITC","VinerHandITC",FALSE,FALSE,FALSE,NA
"318",NA,"VIVALDII.afm.gz","C:\Windows\Fonts\VIVALDII.TTF","Vivaldi Italic","Vivaldi","Vivaldii",FALSE,TRUE,FALSE,NA
"319",NA,"VLADIMIR.afm.gz","C:\Windows\Fonts\VLADIMIR.TTF","Vladimir Script","Vladimir Script","VladimirScript",FALSE,FALSE,FALSE,NA
"320",NA,"webdings.afm.gz","C:\Windows\Fonts\webdings.ttf","Webdings","Webdings","Webdings",FALSE,FALSE,FALSE,NA
"321",NA,"wingding.afm.gz","C:\Windows\Fonts\wingding.ttf","Wingdings","Wingdings","Wingdings-Regular",FALSE,FALSE,FALSE,NA
"322",NA,"WINGDNG2.afm.gz","C:\Windows\Fonts\WINGDNG2.TTF","Wingdings 2","Wingdings 2","Wingdings2",FALSE,FALSE,FALSE,NA
"323",NA,"WINGDNG3.afm.gz","C:\Windows\Fonts\WINGDNG3.TTF","Wingdings 3","Wingdings 3","Wingdings3",FALSE,FALSE,FALSE,NA
"324",NA,"file19b87af17702.afm.gz","C:\Users\HP\AppData\Local\Temp\RtmpMbPWj3\file19b81dd51cde.ttf","FontAwesome Regular","FontAwesome","FontAwesome",FALSE,FALSE,FALSE,NA
"325",NA,"file19b81dd51cde.afm.gz","C:\Users\HP\AppData\Local\Temp\RtmpMbPWj3\file19b81dd51cde.ttf","FontAwesome Regular","FontAwesome","FontAwesome",FALSE,FALSE,FALSE,NA
"326",NA,"file19b87af17702.afm.gz","C:\Users\HP\AppData\Local\Temp\RtmpMbPWj3\file19b87af17702.ttf","FontAwesome Regular","FontAwesome","FontAwesome",FALSE,FALSE,FALSE,NA
"327",NA,"file19b81dd51cde.afm.gz","C:\Users\HP\AppData\Local\Temp\RtmpMbPWj3\file19b87af17702.ttf","FontAwesome Regular","FontAwesome","FontAwesome",FALSE,FALSE,FALSE,NA
"328",NA,"RobotoCondensed-Bold.afm.gz","C:\Users\HP\Documents\R\win-library\4.0\hrbrthemes\fonts\roboto-condensed\RobotoCondensed-Bold.ttf","Roboto Condensed Bold","Roboto Condensed","RobotoCondensed-Bold",TRUE,FALSE,FALSE,NA
"329",NA,"RobotoCondensed-Light.afm.gz","C:\Users\HP\Documents\R\win-library\4.0\hrbrthemes\fonts\roboto-condensed\RobotoCondensed-Light.ttf","Roboto Condensed Light","Roboto Condensed","RobotoCondensed-Light",FALSE,FALSE,FALSE,NA
"330",NA,"RobotoCondensed-Regular.afm.gz","C:\Users\HP\Documents\R\win-library\4.0\hrbrthemes\fonts\roboto-condensed\RobotoCondensed-Regular.ttf","Roboto Condensed Regular","Roboto Condensed","RobotoCondensed-Regular",FALSE,FALSE,FALSE,NA
"331",NA,"PublicSans-Black.afm.gz","C:\Users\HP\Documents\R\win-library\4.0\hrbrthemes\fonts\public-sans\PublicSans-Black.ttf","Public Sans Black","Public Sans Black","PublicSans-Black",FALSE,FALSE,FALSE,NA
"332",NA,"PublicSans-BlackItalic.afm.gz","C:\Users\HP\Documents\R\win-library\4.0\hrbrthemes\fonts\public-sans\PublicSans-BlackItalic.ttf","Public Sans Black Italic","Public Sans Black","PublicSans-BlackItalic",FALSE,TRUE,FALSE,NA
"333",NA,"PublicSans-Bold.afm.gz","C:\Users\HP\Documents\R\win-library\4.0\hrbrthemes\fonts\public-sans\PublicSans-Bold.ttf","Public Sans Bold","Public Sans","PublicSans-Bold",TRUE,FALSE,FALSE,NA
"334",NA,"PublicSans-ExtraBold.afm.gz","C:\Users\HP\Documents\R\win-library\4.0\hrbrthemes\fonts\public-sans\PublicSans-ExtraBold.ttf","Public Sans ExtraBold","Public Sans ExtraBold","PublicSans-ExtraBold",FALSE,FALSE,FALSE,NA
"335",NA,"PublicSans-ExtraBoldItalic.afm.gz","C:\Users\HP\Documents\R\win-library\4.0\hrbrthemes\fonts\public-sans\PublicSans-ExtraBoldItalic.ttf","Public Sans ExtraBold Italic","Public Sans ExtraBold","PublicSans-ExtraBoldItalic",FALSE,TRUE,FALSE,NA
"336",NA,"PublicSans-ExtraLight.afm.gz","C:\Users\HP\Documents\R\win-library\4.0\hrbrthemes\fonts\public-sans\PublicSans-ExtraLight.ttf","Public Sans ExtraLight","Public Sans ExtraLight","PublicSans-ExtraLight",FALSE,FALSE,FALSE,NA
"337",NA,"PublicSans-Light.afm.gz","C:\Users\HP\Documents\R\win-library\4.0\hrbrthemes\fonts\public-sans\PublicSans-Light.ttf","Public Sans Light","Public Sans Light","PublicSans-Light",FALSE,FALSE,FALSE,NA
"338",NA,"PublicSans-Medium.afm.gz","C:\Users\HP\Documents\R\win-library\4.0\hrbrthemes\fonts\public-sans\PublicSans-Medium.ttf","Public Sans Medium","Public Sans Medium","PublicSans-Medium",FALSE,FALSE,FALSE,NA
"339",NA,"PublicSans-Regular.afm.gz","C:\Users\HP\Documents\R\win-library\4.0\hrbrthemes\fonts\public-sans\PublicSans-Regular.ttf","Public Sans Regular","Public Sans","PublicSans-Regular",FALSE,FALSE,FALSE,NA
"340",NA,"PublicSans-SemiBold.afm.gz","C:\Users\HP\Documents\R\win-library\4.0\hrbrthemes\fonts\public-sans\PublicSans-SemiBold.ttf","Public Sans SemiBold","Public Sans SemiBold","PublicSans-SemiBold",FALSE,FALSE,FALSE,NA
"341",NA,"PublicSans-Thin.afm.gz","C:\Users\HP\Documents\R\win-library\4.0\hrbrthemes\fonts\public-sans\PublicSans-Thin.ttf","Public Sans Thin","Public Sans Thin","PublicSans-Thin",FALSE,FALSE,FALSE,NA
"342",NA,"TitilliumWeb-Bold.afm.gz","C:\Users\HP\Documents\R\win-library\4.0\hrbrthemes\fonts\titillium-web\TitilliumWeb-Bold.ttf","Titillium Web Bold","Titillium Web","TitilliumWeb-Bold",TRUE,FALSE,FALSE,NA
"343",NA,"TitilliumWeb-Light.afm.gz","C:\Users\HP\Documents\R\win-library\4.0\hrbrthemes\fonts\titillium-web\TitilliumWeb-Light.ttf","Titillium Web Light","Titillium Web Light","TitilliumWeb-Light",FALSE,FALSE,FALSE,NA
"344",NA,"TitilliumWeb-Regular.afm.gz","C:\Users\HP\Documents\R\win-library\4.0\hrbrthemes\fonts\titillium-web\TitilliumWeb-Regular.ttf","Titillium Web Regular","Titillium Web","TitilliumWeb-Regular",FALSE,FALSE,FALSE,NA
"345",NA,"econsans-condensed-primary-subset-bd.afm.gz","C:\Users\HP\Documents\R\win-library\4.0\hrbrthemes\fonts\econ-sans\econsans-condensed-primary-subset-bd.ttf","EconSansCndBol","EconSansCndBol","EconSansCndBol",TRUE,FALSE,FALSE,NA
"346",NA,"econsans-condensed-primary-subset-bd-it.afm.gz","C:\Users\HP\Documents\R\win-library\4.0\hrbrthemes\fonts\econ-sans\econsans-condensed-primary-subset-bd-it.ttf","EconSansCndBolIta","EconSansCndBolIta","EconSansCndBolIta",TRUE,TRUE,FALSE,NA
"347",NA,"econsans-condensed-primary-subset-li.afm.gz","C:\Users\HP\Documents\R\win-library\4.0\hrbrthemes\fonts\econ-sans\econsans-condensed-primary-subset-li.ttf","EconSansCndLig","EconSansCndLig","EconSansCndLig",FALSE,FALSE,FALSE,NA
"348",NA,"econsans-condensed-primary-subset-li-it.afm.gz","C:\Users\HP\Documents\R\win-library\4.0\hrbrthemes\fonts\econ-sans\econsans-condensed-primary-subset-li-it.ttf","EconSansCndLigIta","EconSansCndLigIta","EconSansCndLigIta",FALSE,TRUE,FALSE,NA
"349",NA,"econsans-condensed-primary-subset-md.afm.gz","C:\Users\HP\Documents\R\win-library\4.0\hrbrthemes\fonts\econ-sans\econsans-condensed-primary-subset-md.ttf","EconSansCndMed","EconSansCndMed","EconSansCndMed",FALSE,FALSE,FALSE,NA
"350",NA,"econsans-condensed-primary-subset-md-it.afm.gz","C:\Users\HP\Documents\R\win-library\4.0\hrbrthemes\fonts\econ-sans\econsans-condensed-primary-subset-md-it.ttf","EconSansCndMedIta","EconSansCndMedIta","EconSansCndMedIta",FALSE,TRUE,FALSE,NA
"351",NA,"econsans-condensed-primary-subset-rg.afm.gz","C:\Users\HP\Documents\R\win-library\4.0\hrbrthemes\fonts\econ-sans\econsans-condensed-primary-subset-rg.ttf","EconSansCndReg","EconSansCndReg","EconSansCndReg",FALSE,FALSE,FALSE,NA
"352",NA,"econsans-condensed-primary-subset-it.afm.gz","C:\Users\HP\Documents\R\win-library\4.0\hrbrthemes\fonts\econ-sans\econsans-condensed-primary-subset-it.ttf","EconSansCndRegIta","EconSansCndRegIta","EconSansCndRegIta",FALSE,TRUE,FALSE,NA
"353",NA,"BFTinyHand-Regular.afm.gz","C:\Users\HP\Documents\R\win-library\4.0\hrbrthemes\fonts\tinyhand\BFTinyHand-Regular.ttf","BFTinyHand-Regular","BF Tiny Hand","BFTinyHand-Regular",FALSE,FALSE,FALSE,NA
"354",NA,"IBMPlexSans-Regular.afm.gz","C:\Users\HP\Documents\R\win-library\4.0\hrbrthemes\fonts\plex-sans\IBMPlexSans-Regular.ttf","IBM Plex Sans","IBM Plex Sans","IBMPlexSans",FALSE,FALSE,FALSE,NA
"355",NA,"IBMPlexSans-Bold.afm.gz","C:\Users\HP\Documents\R\win-library\4.0\hrbrthemes\fonts\plex-sans\IBMPlexSans-Bold.ttf","IBM Plex Sans Bold","IBM Plex Sans","IBMPlexSans-Bold",TRUE,FALSE,FALSE,NA
"356",NA,"IBMPlexSans-Light.afm.gz","C:\Users\HP\Documents\R\win-library\4.0\hrbrthemes\fonts\plex-sans\IBMPlexSans-Light.ttf","IBM Plex Sans Light","IBM Plex Sans Light","IBMPlexSans-Light",FALSE,FALSE,FALSE,NA
"357",NA,"IBMPlexSans-Medium.afm.gz","C:\Users\HP\Documents\R\win-library\4.0\hrbrthemes\fonts\plex-sans\IBMPlexSans-Medium.ttf","IBM Plex Sans Medium","IBM Plex Sans Medium","IBMPlexSans-Medium",FALSE,FALSE,FALSE,NA
"358",NA,"IBMPlexSans-Text.afm.gz","C:\Users\HP\Documents\R\win-library\4.0\hrbrthemes\fonts\plex-sans\IBMPlexSans-Text.ttf","IBM Plex Sans Text","IBM Plex Sans Text","IBMPlexSans-Text",FALSE,FALSE,FALSE,NA
"359",NA,"IBMPlexSans-Thin.afm.gz","C:\Users\HP\Documents\R\win-library\4.0\hrbrthemes\fonts\plex-sans\IBMPlexSans-Thin.ttf","IBM Plex Sans Thin","IBM Plex Sans Thin","IBMPlexSans-Thin",FALSE,FALSE,FALSE,NA
"360",NA,"FiraSansCondensed-Light.afm.gz","E:\r\rtuts\spotifyr\FiraSansCondensed-Light.ttf","Fira Sans Condensed Light","Fira Sans Condensed Light","FiraSansCondensed-Light",FALSE,FALSE,FALSE,NA
"361",NA,"GABRWFFR.afm.gz","E:\r\fonts\GABRWFFR.TTF","Gabriel Weiss' Friends Font","Gabriel Weiss' Friends Font","GabrielWeissFriendsFont",FALSE,FALSE,FALSE,NA
